scenario,service_provider,circle,current_subs,prevented_subs_est,revenue_protected_3mo,cost,ROI_ratio
conservative,APSFL,All India,629069,31453,9436035.0,314534.5,29.0
conservative,APSFL,Andhra Pradesh,629069,31453,9436035.0,314534.5,29.0
conservative,APSFL,Assam,0,0,0.0,0.0,0.0
base,APSFL,All India,629069,62907,28308105.0,1258138.0,21.5
base,APSFL,Andhra Pradesh,629069,62907,28308105.0,1258138.0,21.5
base,APSFL,Assam,0,0,0.0,0.0,0.0
optimistic,APSFL,All India,629069,125814,75488280.0,3774414.0,19.0
optimistic,APSFL,Andhra Pradesh,629069,125814,75488280.0,3774414.0,19.0
optimistic,APSFL,Assam,0,0,0.0,0.0,0.0
