service_provider,circle,date,risk_proba,risk_confidence_pct,risk_bucket,recommended_action,confidence
APSFL,All India,2025-04-01,0.5642790462527687,0.7123370573017618,Medium,Targeted offers; regional marketing; technical review,0.7123370573017618
APSFL,Andhra Pradesh,2025-04-01,0.5529674652720316,0.7380047683803876,Medium,Targeted offers; regional marketing; technical review,0.7380047683803876
APSFL,Assam,2025-04-01,0.004107252587828104,0.9762201066930417,Low,Monitor; periodic engagement,0.9762201066930417
APSFL,Bihar,2025-04-01,0.014187887224926605,0.9238615743608365,Low,Monitor; periodic engagement,0.9238615743608365
APSFL,Delhi,2025-04-01,0.011807098155309156,0.9402949309836933,Low,Monitor; periodic engagement,0.9402949309836933
APSFL,Gujarat,2025-04-01,0.014187887224926605,0.9238615743608365,Low,Monitor; periodic engagement,0.9238615743608365
APSFL,Haryana,2025-04-01,0.010742996949806873,0.9334423546283003,Low,Monitor; periodic engagement,0.9334423546283003
APSFL,Himachal Pradesh,2025-04-01,0.004107252587828104,0.9762201066930417,Low,Monitor; periodic engagement,0.9762201066930417
APSFL,Jammu and Kashmir,2025-04-01,0.002633516728590685,0.9886680349719602,Low,Monitor; periodic engagement,0.9886680349719602
APSFL,Karnataka,2025-04-01,0.014187887224926605,0.9238615743608365,Low,Monitor; periodic engagement,0.9238615743608365
APSFL,Kerala,2025-04-01,0.014418480533875126,0.9231820234638114,Low,Monitor; periodic engagement,0.9231820234638114
APSFL,Kolkata,2025-04-01,0.004154495234052248,0.9762240901972863,Low,Monitor; periodic engagement,0.9762240901972863
APSFL,Madhya Pradesh,2025-04-01,0.014187887224926605,0.9238615743608365,Low,Monitor; periodic engagement,0.9238615743608365
APSFL,Maharashtra,2025-04-01,0.014187887224926605,0.9238615743608365,Low,Monitor; periodic engagement,0.9238615743608365
APSFL,Mumbai,2025-04-01,0.0077827361718963576,0.9543344350049094,Low,Monitor; periodic engagement,0.9543344350049094
APSFL,North East,2025-04-01,0.00963564409343524,0.9430773564392042,Low,Monitor; periodic engagement,0.9430773564392042
APSFL,Odisha,2025-04-01,0.017327943307464937,0.8997720332299548,Low,Monitor; periodic engagement,0.8997720332299548
APSFL,Punjab,2025-04-01,0.0011056145283283034,0.9952079677126577,Low,Monitor; periodic engagement,0.9952079677126577
APSFL,Rajasthan,2025-04-01,0.013870134033020478,0.9238627006885802,Low,Monitor; periodic engagement,0.9238627006885802
APSFL,Tamil Nadu,2025-04-01,0.014187887224926605,0.9238615743608365,Low,Monitor; periodic engagement,0.9238615743608365
APSFL,Uttar Pradesh (East),2025-04-01,0.014187887224926605,0.9238615743608365,Low,Monitor; periodic engagement,0.9238615743608365
APSFL,Uttar Pradesh (West),2025-04-01,0.014187887224926605,0.9238615743608365,Low,Monitor; periodic engagement,0.9238615743608365
APSFL,West Bengal,2025-04-01,0.009979951256017713,0.9343863481050945,Low,Monitor; periodic engagement,0.9343863481050945
Aircel,All India,2018-04-01,0.37964458189733263,0.6104988292241229,Low,Monitor; periodic engagement,0.6104988292241229
Aircel,Andaman and Nicobar Islands,2009-05-01,0.01007143751389288,0.9518483045993915,Low,Monitor; periodic engagement,0.9518483045993915
Aircel,Andhra Pradesh,2018-04-01,0.4372962488139408,0.5904767228113491,Low,Monitor; periodic engagement,0.5904767228113491
Aircel,Arunachal Pradesh,2009-05-01,0.34798141111961384,0.7580608122356232,Low,Monitor; periodic engagement,0.7580608122356232
Aircel,Assam,2018-04-01,0.356357847460674,0.6169232738759132,Low,Monitor; periodic engagement,0.6169232738759132
Aircel,Bihar,2018-04-01,0.38051512666553783,0.6164878465115093,Low,Monitor; periodic engagement,0.6164878465115093
Aircel,Chennai,2010-01-01,0.3359639515967243,0.758023870563787,Low,Monitor; periodic engagement,0.758023870563787
Aircel,Chhattisgarh,2009-05-01,0.01007143751389288,0.9518483045993915,Low,Monitor; periodic engagement,0.9518483045993915
Aircel,Delhi,2018-04-01,0.38271658680413656,0.6125563567346659,Low,Monitor; periodic engagement,0.6125563567346659
Aircel,Gujarat,2018-04-01,0.1288764435824855,0.725874154160399,Low,Monitor; periodic engagement,0.725874154160399
Aircel,Haryana,2018-04-01,0.07468478758281981,0.8005063707578003,Low,Monitor; periodic engagement,0.8005063707578003
Aircel,Himachal Pradesh,2018-04-01,0.15393325939876082,0.6940711742810413,Low,Monitor; periodic engagement,0.6940711742810413
Aircel,Jammu and Kashmir,2018-04-01,0.38865966258869233,0.6003102582989464,Low,Monitor; periodic engagement,0.6003102582989464
Aircel,Jharkhand,2009-05-01,0.009753684321986754,0.9518772587282347,Low,Monitor; periodic engagement,0.9518772587282347
Aircel,Karnataka,2018-04-01,0.4392240793169379,0.5960809159881808,Low,Monitor; periodic engagement,0.5960809159881808
Aircel,Kerala,2018-04-01,0.4888847428947778,0.5829378189076346,Low,Monitor; periodic engagement,0.5829378189076346
Aircel,Kolkata,2018-04-01,0.4111686044472196,0.6003630345285751,Low,Monitor; periodic engagement,0.6003630345285751
Aircel,Madhya Pradesh,2018-04-01,0.11503650569552223,0.7464849483990963,Low,Monitor; periodic engagement,0.7464849483990963
Aircel,Maharashtra,2018-04-01,0.18514905901613993,0.6658306265998222,Low,Monitor; periodic engagement,0.6658306265998222
Aircel,Mumbai,2018-04-01,0.4318203496801033,0.5960006208753457,Low,Monitor; periodic engagement,0.5960006208753457
Aircel,North East,2018-04-01,0.36775155776970964,0.6115649218113899,Low,Monitor; periodic engagement,0.6115649218113899
Aircel,Odisha,2018-04-01,0.37866946904944104,0.6056770966108178,Low,Monitor; periodic engagement,0.6056770966108178
Aircel,Punjab,2018-04-01,0.4916623066147964,0.5812791852719723,Low,Monitor; periodic engagement,0.5812791852719723
Aircel,Rajasthan,2018-04-01,0.3901396587644874,0.6054706314432357,Low,Monitor; periodic engagement,0.6054706314432357
Aircel,Tamil Nadu,2010-01-01,0.11980203558900321,0.8525528379156511,Low,Monitor; periodic engagement,0.8525528379156511
Aircel,Tamil Nadu (including Chennai),2018-04-01,0.318634702454044,0.6365900717994484,Low,Monitor; periodic engagement,0.6365900717994484
Aircel,Uttar Pradesh (East),2018-04-01,0.4265011784509391,0.6043879463985957,Low,Monitor; periodic engagement,0.6043879463985957
Aircel,Uttar Pradesh (West),2018-04-01,0.1530512278627249,0.6960348599373061,Low,Monitor; periodic engagement,0.6960348599373061
Aircel,Uttarakhand,2009-05-01,0.01007143751389288,0.9518483045993915,Low,Monitor; periodic engagement,0.9518483045993915
Aircel,West Bengal,2018-04-01,0.4242938569926205,0.5977713818446642,Low,Monitor; periodic engagement,0.5977713818446642
Aircel/Dishnet,All India,2012-12-01,0.39106707275503394,0.7134425995152948,Low,Monitor; periodic engagement,0.7134425995152948
Aircel/Dishnet,Andhra Pradesh,2012-12-01,0.663522516172215,0.8466497685351495,Medium,Targeted offers; regional marketing; technical review,0.8466497685351495
Aircel/Dishnet,Assam,2012-12-01,0.5136768208484735,0.7573549205001462,Medium,Targeted offers; regional marketing; technical review,0.7573549205001462
Aircel/Dishnet,Bihar,2012-12-01,0.6695705738463696,0.8462279674539328,Medium,Targeted offers; regional marketing; technical review,0.8462279674539328
Aircel/Dishnet,Delhi,2012-12-01,0.5649770912846066,0.8016922019780667,Medium,Targeted offers; regional marketing; technical review,0.8016922019780667
Aircel/Dishnet,Gujarat,2012-12-01,0.8216803715217856,0.8699719924564983,High,Immediate retention campaign; network quality audit; competitor price response,0.8699719924564983
Aircel/Dishnet,Haryana,2012-12-01,0.8178579304235076,0.8991994535872205,High,Immediate retention campaign; network quality audit; competitor price response,0.8991994535872205
Aircel/Dishnet,Himachal Pradesh,2012-12-01,0.5237066023588074,0.8040161106806126,Medium,Targeted offers; regional marketing; technical review,0.8040161106806126
Aircel/Dishnet,Jammu and Kashmir,2012-12-01,0.457077285565225,0.7897622762484484,Low,Monitor; periodic engagement,0.7897622762484484
Aircel/Dishnet,Karnataka,2012-12-01,0.679200658698532,0.8632475544947132,Medium,Targeted offers; regional marketing; technical review,0.8632475544947132
Aircel/Dishnet,Kerala,2012-12-01,0.7765922482438408,0.8869303894559804,High,Immediate retention campaign; network quality audit; competitor price response,0.8869303894559804
Aircel/Dishnet,Kolkata,2012-12-01,0.5766682746652692,0.8332765263576127,Medium,Targeted offers; regional marketing; technical review,0.8332765263576127
Aircel/Dishnet,Madhya Pradesh,2012-12-01,0.8288877601595291,0.9058986747209827,High,Immediate retention campaign; network quality audit; competitor price response,0.9058986747209827
Aircel/Dishnet,Maharashtra,2012-12-01,0.7819661880206052,0.8414841957646026,High,Immediate retention campaign; network quality audit; competitor price response,0.8414841957646026
Aircel/Dishnet,Mumbai,2012-12-01,0.6787042033275917,0.867952336990987,Medium,Targeted offers; regional marketing; technical review,0.867952336990987
Aircel/Dishnet,North East,2012-12-01,0.44889472415825366,0.7802312969799416,Low,Monitor; periodic engagement,0.7802312969799416
Aircel/Dishnet,Odisha,2012-12-01,0.5048611737778279,0.8022382205484211,Medium,Targeted offers; regional marketing; technical review,0.8022382205484211
Aircel/Dishnet,Punjab,2012-12-01,0.7022163488044961,0.8738591633381654,Medium,Targeted offers; regional marketing; technical review,0.8738591633381654
Aircel/Dishnet,Rajasthan,2012-12-01,0.6300570535220373,0.8386208187807003,Medium,Targeted offers; regional marketing; technical review,0.8386208187807003
Aircel/Dishnet,Tamil Nadu,2011-07-01,0.1845043857948483,0.7722246278843801,Low,Monitor; periodic engagement,0.7722246278843801
Aircel/Dishnet,Tamil Nadu (including Chennai),2012-12-01,0.15898703479534582,0.7978892262403402,Low,Monitor; periodic engagement,0.7978892262403402
Aircel/Dishnet,Uttar Pradesh (East),2012-12-01,0.583866548508275,0.803594664818133,Medium,Targeted offers; regional marketing; technical review,0.803594664818133
Aircel/Dishnet,Uttar Pradesh (West),2012-12-01,0.7731140935603247,0.8521277657116084,High,Immediate retention campaign; network quality audit; competitor price response,0.8521277657116084
Aircel/Dishnet,West Bengal,2012-12-01,0.6355182407592868,0.8277186767260601,Medium,Targeted offers; regional marketing; technical review,0.8277186767260601
BPL Mobile,All India,2009-03-01,0.35103991661964024,0.7317832615986528,Low,Monitor; periodic engagement,0.7317832615986528
BPL Mobile,Andaman and Nicobar Islands,2009-03-01,0.010954601220612436,0.9518040406841703,Low,Monitor; periodic engagement,0.9518040406841703
BPL Mobile,Arunachal Pradesh,2009-03-01,0.01488165685637783,0.9107265541911864,Low,Monitor; periodic engagement,0.9107265541911864
BPL Mobile,Assam,2009-03-01,0.007406245263999332,0.9692715500009774,Low,Monitor; periodic engagement,0.9692715500009774
BPL Mobile,Bihar,2009-03-01,0.0033280788232066543,0.9807077658382006,Low,Monitor; periodic engagement,0.9807077658382006
BPL Mobile,Chennai,2009-03-01,0.0039059841983944137,0.980230666328981,Low,Monitor; periodic engagement,0.980230666328981
BPL Mobile,Chhattisgarh,2009-03-01,0.010954601220612436,0.9518040406841703,Low,Monitor; periodic engagement,0.9518040406841703
BPL Mobile,Delhi,2009-03-01,0.0034669469099645922,0.9806872508992778,Low,Monitor; periodic engagement,0.9806872508992778
BPL Mobile,Gujarat,2009-03-01,0.0034669469099645922,0.9806872508992778,Low,Monitor; periodic engagement,0.9806872508992778
BPL Mobile,Haryana,2009-03-01,0.0037671161116364753,0.9802476201064567,Low,Monitor; periodic engagement,0.9802476201064567
BPL Mobile,Himachal Pradesh,2009-03-01,0.00440460720449953,0.9794689831950617,Low,Monitor; periodic engagement,0.9794689831950617
BPL Mobile,Jammu and Kashmir,2009-03-01,0.005295018311898858,0.9779212015462261,Low,Monitor; periodic engagement,0.9779212015462261
BPL Mobile,Jharkhand,2009-03-01,0.010954601220612436,0.9518040406841703,Low,Monitor; periodic engagement,0.9518040406841703
BPL Mobile,Karnataka,2009-03-01,0.0034669469099645922,0.9806872508992778,Low,Monitor; periodic engagement,0.9806872508992778
BPL Mobile,Kerala,2009-03-01,0.0034669469099645922,0.9806872508992778,Low,Monitor; periodic engagement,0.9806872508992778
BPL Mobile,Kolkata,2009-03-01,0.0039059841983944137,0.980230666328981,Low,Monitor; periodic engagement,0.980230666328981
BPL Mobile,Madhya Pradesh,2009-03-01,0.0034669469099645922,0.9806872508992778,Low,Monitor; periodic engagement,0.9806872508992778
BPL Mobile,Maharashtra,2009-03-01,0.0034669469099645922,0.9806872508992778,Low,Monitor; periodic engagement,0.9806872508992778
BPL Mobile,Mumbai,2009-03-01,0.2440816111395791,0.7736228261587983,Low,Monitor; periodic engagement,0.7736228261587983
BPL Mobile,North East 1,2009-03-01,0.010954601220612436,0.9518040406841703,Low,Monitor; periodic engagement,0.9518040406841703
BPL Mobile,North East 2,2009-03-01,0.010954601220612436,0.9518040406841703,Low,Monitor; periodic engagement,0.9518040406841703
BPL Mobile,Odisha,2009-03-01,0.0034253410187441687,0.9804525757478951,Low,Monitor; periodic engagement,0.9804525757478951
BPL Mobile,Punjab,2009-03-01,0.0034197042637404487,0.9806840285419938,Low,Monitor; periodic engagement,0.9806840285419938
